YAKITORI,SPRING ROLL,PHILADELPHIA ROLL,BEER,TEA,,,,,,,,,,,,,,
TUNA SUSHI,DYNAMITE ROLL,TEA,,,,,,,,,,,,,,,,
Edamame,SAPPORO,BEER,,,,,,,,,,,,,,,,
TEA,,,,,,,,,,,,,,,,,,
Gyoza,SPRING ROLL,TAKAYAMA,PHILADELPHIA ROLL,TEA,,,,,,,,,,,,,,
Gyoza,Edamame,HAKODATE,TSUKEMEN,,,,,,,,,,,,,,,
Gyoza,,,,,,,,,,,,,,,,,,
Edamame,YAKITORI,SAPPORO,TAKAYAMA,SEATTLE ROLL,BEER,,,,,,,,,,,,,
Edamame,SAPPORO,TUNA SUSHI,BEER,,,,,,,,,,,,,,,
Gyoza,,,,,,,,,,,,,,,,,,
Gyoza,KITAKATA,TEA,,,,,,,,,,,,,,,,
Gyoza,Edamame,SPRING ROLL,TUNA SUSHI,TEA,,,,,,,,,,,,,,
Gyoza,Edamame,YAKITORI,SAPPORO,CALIFORNIA ROLL,PHILADELPHIA ROLL,COKE,,,,,,,,,,,,
Edamame,YAKITORI,KITAKATA,SPIDER ROLL,TUNA SUSHI,COKE,,,,,,,,,,,,,
HAKODATE,,,,,,,,,,,,,,,,,,
DYNAMITE ROLL,BEER,,,,,,,,,,,,,,,,,
Gyoza,CALIFORNIA ROLL,,,,,,,,,,,,,,,,,
Gyoza,,,,,,,,,,,,,,,,,,
Gyoza,Edamame,KITAKATA,DYNAMITE ROLL,SEATTLE ROLL,TEA,,,,,,,,,,,,,
Gyoza,,,,,,,,,,,,,,,,,,
Gyoza,Edamame,,,,,,,,,,,,,,,,,
TEA,,,,,,,,,,,,,,,,,,
Gyoza,,,,,,,,,,,,,,,,,,
Gyoza,TSUKEMEN,PHILADELPHIA ROLL,BEER,,,,,,,,,,,,,,,
Gyoza,,,,,,,,,,,,,,,,,,
Gyoza,,,,,,,,,,,,,,,,,,
Gyoza,SAPPORO,TUNA SUSHI,BEER,,,,,,,,,,,,,,,
SAPPORO,CHUKA SOBA,PHILADELPHIA ROLL,SEATTLE ROLL,TEA,,,,,,,,,,,,,,
Gyoza,HAKODATE,SAPPORO,,,,,,,,,,,,,,,,
Gyoza,Edamame,KITAKATA,CALIFORNIA ROLL,PHILADELPHIA ROLL,BEER,,,,,,,,,,,,,
Gyoza,BEER,,,,,,,,,,,,,,,,,
Edamame,YAKITORI,SPRING ROLL,SAPPORO,KITAKATA,TAKAYAMA,SPIDER ROLL,BEER,,,,,,,,,,,
Edamame,SAPPORO,CALIFORNIA ROLL,TUNA SUSHI,TEA,,,,,,,,,,,,,,
Edamame,YAKITORI,SAPPORO,TAKAYAMA,SPIDER ROLL,TUNA SUSHI,COKE,,,,,,,,,,,,
Gyoza,,,,,,,,,,,,,,,,,,
SPRING ROLL,SAPPORO,TSUKEMEN,PHILADELPHIA ROLL,COKE,TEA,,,,,,,,,,,,,
Gyoza,KITAKATA,,,,,,,,,,,,,,,,,
Gyoza,TUNA SUSHI,PHILADELPHIA ROLL,TEA,,,,,,,,,,,,,,,
Gyoza,YAKITORI,TSUKEMEN,PHILADELPHIA ROLL,COKE,,,,,,,,,,,,,,
TAKAYAMA,TUNA SUSHI,TEA,,,,,,,,,,,,,,,,
Edamame,TUNA SUSHI,COKE,,,,,,,,,,,,,,,,
Gyoza,Edamame,YAKITORI,SPRING ROLL,HAKODATE,SAPPORO,KITAKATA,CHUKA SOBA,TSUKEMEN,TAKAYAMA,CALIFORNIA ROLL,SPIDER ROLL,TUNA SUSHI,DYNAMITE ROLL,PHILADELPHIA ROLL,SEATTLE ROLL,COKE,BEER,TEA
Gyoza,YAKITORI,SAPPORO,KITAKATA,TAKAYAMA,,,,,,,,,,,,,,
Gyoza,KITAKATA,TUNA SUSHI,PHILADELPHIA ROLL,,,,,,,,,,,,,,,
Gyoza,YAKITORI,,,,,,,,,,,,,,,,,
Gyoza,KITAKATA,TSUKEMEN,TUNA SUSHI,COKE,BEER,TEA,,,,,,,,,,,,
Gyoza,Edamame,YAKITORI,SAPPORO,TAKAYAMA,SPIDER ROLL,TUNA SUSHI,BEER,,,,,,,,,,,
SAPPORO,CHUKA SOBA,TSUKEMEN,CALIFORNIA ROLL,COKE,BEER,,,,,,,,,,,,,
Gyoza,SAPPORO,CHUKA SOBA,CALIFORNIA ROLL,COKE,,,,,,,,,,,,,,
Edamame,YAKITORI,KITAKATA,CHUKA SOBA,SPIDER ROLL,SEATTLE ROLL,BEER,TEA,,,,,,,,,,,
Gyoza,,,,,,,,,,,,,,,,,,
Edamame,,,,,,,,,,,,,,,,,,
Gyoza,Edamame,COKE,,,,,,,,,,,,,,,,
Gyoza,CALIFORNIA ROLL,COKE,BEER,,,,,,,,,,,,,,,
Edamame,YAKITORI,SAPPORO,TAKAYAMA,SPIDER ROLL,PHILADELPHIA ROLL,COKE,BEER,,,,,,,,,,,
YAKITORI,SPRING ROLL,SAPPORO,TAKAYAMA,SPIDER ROLL,BEER,,,,,,,,,,,,,
Edamame,SAPPORO,TUNA SUSHI,BEER,,,,,,,,,,,,,,,
YAKITORI,,,,,,,,,,,,,,,,,,
Gyoza,SAPPORO,COKE,,,,,,,,,,,,,,,,
Edamame,TUNA SUSHI,TEA,,,,,,,,,,,,,,,,
YAKITORI,SAPPORO,KITAKATA,SPIDER ROLL,PHILADELPHIA ROLL,,,,,,,,,,,,,,